Country name,tags_id,ISO 3166 ALPHA-2
Canada,34411583,CA
Saint Martin,34411586,MF
Sao Tome and Principe,34411588,ST
Cambodia,34411590,KH
Switzerland,34411591,CH
Ethiopia,34412034,ET
Aruba,34412036,AW
Swaziland,34412038,SZ
Svalbard and Jan Mayen,34412040,SJ
Democratic Republic of the Congo,34412042,CD
Argentina,34412043,AR
Bolivia,34412045,BO
Burkina Faso,34412047,BF
Bahrain,34412049,BH
Saudi Arabia,34412050,SA
Rwanda,34412053,RW
South Georgia and the South Sandwich Islands,34412055,GS
Japan,34412056,JP
American Samoa,34412058,AS
Northern Mariana Islands,34412060,MP
Slovenia,34412061,SI
Guatemala,34412063,GT
Bosnia and Herzegovina,34412066,BA
Kuwait,34412071,KW
Jordan,34412072,JO
Saint Barthelemy,34412075,BL
Dominica,34412078,DM
Maldives,34412080,MV
Jamaica,34412082,JM
Oman,34412083,OM
Tanzania,34412085,TZ
Martinique,34412087,MQ
Virgin Islands,34412089,VI
Christmas Island,34412091,CX
Gabon,34412093,GA
Niue,34412095,NU
Monaco,34412097,MC
New Zealand,34412098,NZ
Yemen,34412100,YE
Jersey,34412102,JE
Andorra,34412104,AD
Albania,34412107,AL
Samoa,34412109,WS
Macao,34412111,MO
Nicaragua,34412113,NI
United Arab Emirates,34412114,AE
Guam,34412116,GU
Uruguay,34412117,UY
India,34412118,IN
Azerbaijan,34412123,AZ
Lesotho,34412125,LS
Kenya,34412126,KE
South Korea,34412127,KR
Tajikistan,34412129,TJ
Turkey,34412131,TR
Bangladesh,34412132,BD
Mauritania,34412134,MR
Solomon Islands,34412137,SB
Turks and Caicos Islands,34412139,TC
Saint Lucia,34412141,LC
San Marino,34412143,SM
French Polynesia,34412145,PF
France,34412146,FR
Palestine,34412148,PS
Bermuda,34412150,BM
Slovakia,34412152,SK
Somalia,34412155,SO
Peru,34412158,PE
Laos,34412160,LA
Saint Vincent and the Grenadines,34412162,VC
Nauru,34412168,NR
Seychelles,34412170,SC
Norway,34412171,NO
Ivory Coast,34412173,CI
Cook Islands,34412175,CK
Benin,34412177,BJ
Western Sahara,34412182,EH
Cuba,34412184,CU
Montenegro,34412188,ME
Saint Kitts and Nevis,34412190,KN
Togo,34412192,TG
China,34412193,CN
Armenia,34412196,AM
Dominican Republic,34412198,DO
Mongolia,34412201,MN
Ghana,34412202,GH
Tonga,34412204,TO
Cayman Islands,34412207,KY
Finland,34412208,FI
New Caledonia,34412212,NC
Mauritius,34412215,MU
Belarus,34412217,BY
British Virgin Islands,34412220,VG
Mali,34412222,ML
Sweden,34412223,SE
Saint Pierre and Miquelon,34412231,PM
Russia,34412232,RU
Bulgaria,34412233,BG
United States,34412234,US
Romania,34412235,RO
Angola,34412237,AO
South Africa,34412238,ZA
Cyprus,34412239,CY
Brunei Darussalam,34412241,BN
Qatar,34412242,QA
Malaysia,34412243,MY
Austria,34412245,AT
Viet Nam,34412246,VN
Mozambique,34412248,MZ
Uganda,34412251,UG
Hungary,34412252,HU
Niger,34412253,NE
Isle of Man,34412255,IM
Brazil,34412257,BR
Falkland Islands,34412259,FK
Pitcairn,34412261,PN
Guinea,34412263,GN
Panama,34412265,PA
Costa Rica,34412266,CR
Bahamas,34412268,BS
Gibraltar,34412270,GI
Ireland,34412271,IE
Pakistan,34412272,PK
Palau,34412274,PW
Faroe Islands,34412277,FO
Ecuador,34412279,EC
Congo,34412281,CG
Australia,34412282,AU
Iran,34412284,IR
Algeria,34412286,DZ
El Salvador,34412288,SV
Tuvalu,34412290,TV
Czechia,34412292,CZ
Marshall Islands,34412294,MH
Chile,34412295,CL
Puerto Rico,34412297,PR
Belgium,34412298,BE
Kiribati,34412301,KI
Haiti,34412303,HT
Belize,34412305,BZ
Hong Kong,34412306,HK
Sierra Leone,34412308,SL
Georgia,34412310,GE
Gambia,34412312,GM
Philippines,34412313,PH
Guinea-Bissau,34412317,GW
Moldova,34412319,MD
Morocco,34412321,MA
Croatia,34412323,HR
Micronesia,34412325,FM
Guernsey,34412327,GG
Thailand,34412328,TH
Namibia,34412330,NA
Grenada,34412332,GD
Wallis and Futuna,34412334,WF
Bonaire,34412336,BQ
Portugal,34412337,PT
Estonia,34412338,EE
Kosovo,34412340,XK
Norfolk Island,34412342,NF
Lebanon,34412343,LB
Uzbekistan,34412346,UZ
Tunisia,34412348,TN
Djibouti,34412350,DJ
Greenland,34412352,GL
Antigua and Barbuda,34412355,AG
Spain,34412356,ES
Colombia,34412358,CO
Reunion,34412360,RE
Taiwan,34412361,TW
Fiji,34412363,FJ
Barbados,34412366,BB
Cocos Islands,34412368,CC
Madagascar,34412370,MG
Italy,34412372,IT
Curacao,34412374,CW
Bhutan,34412376,BT
Sudan,34412379,SD
Nepal,34412380,NP
Malta,34412381,MT
Netherlands,34412382,NL
Suriname,34412384,SR
Anguilla,34412386,AI
Venezuela,34412387,VE
Vatican,34412389,VA
Israel,34412391,IL
Indonesia,34412392,ID
Iceland,34412394,IS
Zambia,34412396,ZM
Papua New Guinea,34412399,PG
Malawi,34412402,MW
Trinidad and Tobago,34412405,TT
Zimbabwe,34412406,ZW
Germany,34412409,DE
Vanuatu,34412411,VU
Denmark,34412412,DK
Kazakhstan,34412415,KZ
Poland,34412416,PL
Eritrea,34412418,ER
Kyrgyzstan,34412420,KG
Iraq,34412423,IQ
Montserrat,34412425,MS
Mexico,34412427,MX
Macedonia,34412429,MK
Timor-Leste,34412431,TL
North Korea,34412434,KP
Sri Lanka,34412435,LK
Latvia,34412437,LV
South Sudan,34412439,SS
Guyana,34412443,GY
Syria,34412453,SY
Guadeloupe,34412462,GP
Sint Maarten,34412464,SX
Honduras,34412466,HN
Myanmar,34412468,MM
Equatorial Guinea,34412470,GQ
Egypt,34412471,EG
French Southern Territories,34412473,TF
Singapore,34412474,SG
Serbia,34412475,RS
United Kingdom,34412476,GB
Greece,34412477,GR
Paraguay,34412480,PY
French Guiana,34412482,GF
Afghanistan,38376339,AF
Nigeria,38376341,NG
Antarctica,38376410,AQ
Botswana,38379247,BW
Burundi,38379378,BI
Cameroon,38379387,CM
Cabo Verde,38379418,CV
Central African Republic,38379433,CF
Chad,38379436,TD
Comoros,38379588,KM
Lithuania,38379746,LT
Liberia,38380274,LR
Libya,38380279,LY
Liechtenstein,38380281,LI
Luxembourg,38380287,LU
Mayotte,38380320,YT
Saint Helena,38380789,SH
Senegal,38380807,SN
Turkmenistan,38381094,TM
Ukraine,38381103,UA
